{
  "alpha": 0.22727272727272727,
  "beta": 0.13636363636363635,
  "gamma": 0.6363636363636362
}